Action,Time,ISIN,Ticker,Name,No. of shares,Price / share,Currency (Price / share),Exchange rate,Result,Currency (Result),Total,Currency (Total),Withholding tax,Currency (Withholding tax),Stamp duty reserve tax,Currency (Stamp duty reserve tax),Notes,ID,Currency conversion fee,Currency (Currency conversion fee)
Deposit,16/01/2023 19:04,,,,,,,,,,50,EUR,,,,,---,---,,
Deposit,16/01/2023 19:48,,,,,,,,,,430,EUR,,,,,---,---,,
Market buy,17/01/2023 08:00,---,XSLR,Xtrackers IE Physical Silver,0.748008,34.69,USD,1.08298,,EUR,24,EUR,,,,,,---,0.04,EUR
Market buy,17/01/2023 08:00,---,QCLN,First Trust Nasdaq Clean Edge Green Energy (Acc),2.58608966,1642.8,GBX,88.63818,,EUR,48,EUR,,,,,,---,0.07,EUR
Market buy,17/01/2023 08:00,---,SGLN,iShares Physical Gold,0.69704978,3047,GBX,88.64401,,EUR,24,EUR,,,,,,---,0.04,EUR
Market buy,17/01/2023 08:04,---,LYP6,Amundi STOXX Europe 600 DR (Acc),0.3581193,201.05,EUR,1,,EUR,72,EUR,,,,,,---,,
Market buy,17/01/2023 08:04,---,VUAA,Vanguard S&P 500 (Acc),2.599149,68.33,EUR,1,,EUR,177.6,EUR,,,,,,---,,
Market buy,17/01/2023 08:04,---,VWCE,Vanguard FTSE All-World (Acc),1.427963,94.12,EUR,1,,EUR,134.4,EUR,,,,,,---,,
Market sell,18/01/2023 12:19,---,QCLN,First Trust Nasdaq Clean Edge Green Energy (Acc),2.58608966,1639,GBX,87.53822,0.49,EUR,48.35,EUR,,,,,,---,0.07,EUR
Market sell,18/01/2023 12:20,---,XSLR,Xtrackers IE Physical Silver,0.069919,34.83,USD,1.08234,0.01,EUR,2.25,EUR,,,,,,---,,
Market sell,18/01/2023 12:20,---,SGLN,iShares Physical Gold,0.06847769,3017,GBX,87.54118,0.01,EUR,2.36,EUR,,,,,,---,,
Market sell,18/01/2023 12:21,---,LYP6,Amundi STOXX Europe 600 DR (Acc),0.0365788,202.3,EUR,1,0.05,EUR,7.4,EUR,,,,,,---,,
Market buy,18/01/2023 12:21,---,VWCE,Vanguard FTSE All-World (Acc),0.038115,94.71,EUR,1,,EUR,3.61,EUR,,,,,,---,,
Market buy,18/01/2023 12:21,---,VUAA,Vanguard S&P 500 (Acc),0.121864,68.6,EUR,1,,EUR,8.36,EUR,,,,,,---,,
Market buy,18/01/2023 12:21,---,VWCE,Vanguard FTSE All-World (Acc),0.163479,94.69,EUR,1,,EUR,15.48,EUR,,,,,,---,,
Market buy,18/01/2023 12:21,---,LYP6,Amundi STOXX Europe 600 DR (Acc),0.0358019,202.5,EUR,1,,EUR,7.25,EUR,,,,,,---,,
Market buy,18/01/2023 12:21,---,SGLN,iShares Physical Gold,0.06986827,3020,GBX,87.55276,,EUR,2.41,EUR,,,,,,---,,
Market buy,18/01/2023 12:21,---,XSLR,Xtrackers IE Physical Silver,0.07477,34.9,USD,1.08276,,EUR,2.41,EUR,,,,,,---,,
Market buy,18/01/2023 12:21,---,VUAA,Vanguard S&P 500 (Acc),0.303293,68.58,EUR,1,,EUR,20.8,EUR,,,,,,---,,
Deposit,23/01/2023 19:50,,,,,,,,,,20,EUR,,,,,---,---,,
Deposit,23/01/2023 20:02,,,,,,,,,,30,EUR,,,,,---,---,,
Market buy,24/01/2023 08:00,---,SGLN,iShares Physical Gold,0.1149223,3048,GBX,87.79026,,EUR,4,EUR,,,,,,---,0.01,EUR
Market buy,24/01/2023 08:04,---,LYP6,Amundi STOXX Europe 600 DR (Acc),0.0372018,201.6,EUR,1,,EUR,7.5,EUR,,,,,,---,,
Market buy,24/01/2023 08:04,---,VUAA,Vanguard S&P 500 (Acc),0.328324,68.56,EUR,1,,EUR,22.51,EUR,,,,,,---,,
Market buy,24/01/2023 08:04,---,VWCE,Vanguard FTSE All-World (Acc),0.168702,94.9,EUR,1,,EUR,16.01,EUR,,,,,,---,,
Market sell,26/01/2023 15:29,---,XSLR,Xtrackers IE Physical Silver,0.752859,34.39,USD,1.08876,-0.35,EUR,23.74,EUR,,,,,,---,0.04,EUR
Market sell,26/01/2023 15:30,---,VWCE,Vanguard FTSE All-World (Acc),0.086767,95.08,EUR,1,0.07,EUR,8.25,EUR,,,,,,---,,
Market sell,26/01/2023 15:30,---,VUAA,Vanguard S&P 500 (Acc),0.024417,68.8,EUR,1,0.01,EUR,1.68,EUR,,,,,,---,,
Market buy,26/01/2023 15:30,---,SGLN,iShares Physical Gold,0.36560502,3045,GBX,88.00531,,EUR,12.67,EUR,,,,,,---,0.02,EUR
Market sell,26/01/2023 15:30,---,LYP6,Amundi STOXX Europe 600 DR (Acc),0.013612,200.55,EUR,1,-0.01,EUR,2.73,EUR,,,,,,---,,
Market buy,26/01/2023 15:30,---,VWCE,Vanguard FTSE All-World (Acc),0.079864,95.16,EUR,1,,EUR,7.6,EUR,,,,,,---,,
Market buy,26/01/2023 15:30,---,VUAA,Vanguard S&P 500 (Acc),0.155028,68.89,EUR,1,,EUR,10.68,EUR,,,,,,---,,
Market buy,26/01/2023 15:31,---,SGLN,iShares Physical Gold,0.05484096,3049,GBX,88.0053,,EUR,1.9,EUR,,,,,,---,,
Market buy,26/01/2023 15:31,---,LYP6,Amundi STOXX Europe 600 DR (Acc),0.017733,200.75,EUR,1,,EUR,3.56,EUR,,,,,,---,,
Deposit,30/01/2023 11:02,,,,,,,,,,12,EUR,,,,,---,---,,
Market buy,30/01/2023 11:02,---,RR,Rolls-Royce,9.7202717,107.82,GBX,87.92279,,EUR,12,EUR,,,0.06,EUR,,---,0.02,EUR
Market sell,30/01/2023 12:24,---,RR,Rolls-Royce,9.7202717,107.84,GBX,87.9391,0,EUR,11.9,EUR,,,,,,---,0.02,EUR
Deposit,30/01/2023 12:28,,,,,,,,,,1,EUR,,,,,---,---,,
Market buy,30/01/2023 12:29,---,VWCE,Vanguard FTSE All-World (Acc),0.04355,94.83,EUR,1,,EUR,4.13,EUR,,,,,,---,,
Market buy,30/01/2023 12:29,---,LYP6,Amundi STOXX Europe 600 DR (Acc),0.0096398,200.2,EUR,1,,EUR,1.93,EUR,,,,,,---,,
Market buy,30/01/2023 12:29,---,SGLN,iShares Physical Gold,0.02991119,3029,GBX,87.96213,,EUR,1.03,EUR,,,,,,---,,
Market buy,30/01/2023 12:29,---,VUAA,Vanguard S&P 500 (Acc),0.084362,68.75,EUR,1,,EUR,5.8,EUR,,,,,,---,,
Deposit,03/02/2023 15:08,,,,,,,,,,50,EUR,,,,,---,---,,
Market buy,03/02/2023 15:09,---,AMZN,Amazon,0.507841,106.35,USD,1.0819,,EUR,49.99,EUR,,,,,,---,0.07,EUR
Deposit,06/02/2023 14:54,,,,,,,,,,50,EUR,,,,,---,---,,
Market buy,07/02/2023 15:00,---,AMZN,Amazon,0.53827,99.09,USD,1.06823,,EUR,50,EUR,,,,,,---,0.07,EUR
Deposit,10/02/2023 12:58,,,,,,,,,,125,EUR,,,,,---,---,,
Market buy,10/02/2023 12:59,---,SGLN,iShares Physical Gold,0.29357589,3004,GBX,88.36693,,EUR,9.99,EUR,,,,,,---,0.01,EUR
Market buy,10/02/2023 12:59,---,VWCE,Vanguard FTSE All-World (Acc),0.415669,96.23,EUR,1,,EUR,40,EUR,,,,,,---,,
Market buy,10/02/2023 12:59,---,VUAA,Vanguard S&P 500 (Acc),0.798125,70.49,EUR,1,,EUR,56.26,EUR,,,,,,---,,
Market buy,10/02/2023 12:59,---,LYP6,Amundi STOXX Europe 600 DR (Acc),0.0931903,201.2,EUR,1,,EUR,18.75,EUR,,,,,,---,,
Deposit,16/02/2023 16:41,,,,,,,,,,195,EUR,,,,,---,---,,
Market buy,17/02/2023 08:00,---,SGLN,iShares Physical Gold,0.55369667,2976,GBX,89.16673,,EUR,18.51,EUR,,,,,,---,0.03,EUR
Market buy,17/02/2023 08:04,---,LYP6,Amundi STOXX Europe 600 DR (Acc),0.1438307,203.85,EUR,1,,EUR,29.32,EUR,,,,,,---,,
Market buy,17/02/2023 08:04,---,VWCE,Vanguard FTSE All-World (Acc),0.650479,96.79,EUR,1,,EUR,62.96,EUR,,,,,,---,,
Market buy,17/02/2023 08:04,---,VUAA,Vanguard S&P 500 (Acc),1.184834,71.09,EUR,1,,EUR,84.23,EUR,,,,,,---,,
Deposit,22/02/2023 16:04,,,,,,,,,,20,EUR,,,,,---,---,,
Market buy,22/02/2023 16:04,---,NVDA,Nvidia,0.1028549,206.41,USD,1.0631,,EUR,20,EUR,,,,,,---,0.03,EUR
Market sell,23/02/2023 14:35,---,NVDA,Nvidia,0.1028549,233.11,USD,1.05996,2.65,EUR,22.59,EUR,,,,,,---,0.03,EUR
Market buy,24/02/2023 14:04,---,SGLN,iShares Physical Gold,0.05368492,2959,GBX,88.25204,,EUR,1.8,EUR,,,,,,---,,
Market buy,24/02/2023 14:04,---,VWCE,Vanguard FTSE All-World (Acc),0.075888,95.27,EUR,1,,EUR,7.23,EUR,,,,,,---,,
Market buy,24/02/2023 14:04,---,VUAA,Vanguard S&P 500 (Acc),0.145554,69.87,EUR,1,,EUR,10.17,EUR,,,,,,---,,
Market buy,24/02/2023 14:04,---,LYP6,Amundi STOXX Europe 600 DR (Acc),0.0166784,203.25,EUR,1,,EUR,3.39,EUR,,,,,,---,,
Deposit,01/03/2023 15:19,,,,,,,,,,28,EUR,,,,,---,---,,
Market buy,01/03/2023 15:19,---,VUAA,Vanguard S&P 500 (Acc),0.182633,68.99,EUR,1,,EUR,12.6,EUR,,,,,,---,,
Market buy,01/03/2023 15:19,---,SGLN,iShares Physical Gold,0.06664295,2987,GBX,88.86718,,EUR,2.24,EUR,,,,,,---,,
Market buy,01/03/2023 15:19,---,VWCE,Vanguard FTSE All-World (Acc),0.094733,94.58,EUR,1,,EUR,8.96,EUR,,,,,,---,,
Market buy,01/03/2023 15:19,---,LYP6,Amundi STOXX Europe 600 DR (Acc),0.0206586,203.3,EUR,1,,EUR,4.2,EUR,,,,,,---,,
Deposit,16/03/2023 10:48,,,,,,,,,,150,EUR,,,,,---,---,,
Market buy,16/03/2023 10:48,---,SGLN,iShares Physical Gold,0.33961339,3106,GBX,88.05001,,EUR,12,EUR,,,,,,---,0.02,EUR
Market buy,16/03/2023 10:49,---,VWCE,Vanguard FTSE All-World (Acc),0.518973,92.49,EUR,1,,EUR,48,EUR,,,,,,---,,
Market buy,16/03/2023 10:49,---,VUAA,Vanguard S&P 500 (Acc),0.989154,68.24,EUR,1,,EUR,67.5,EUR,,,,,,---,,
Market buy,16/03/2023 10:49,---,LYP6,Amundi STOXX Europe 600 DR (Acc),0.1158117,194.28,EUR,1,,EUR,22.5,EUR,,,,,,---,,
Deposit,06/04/2023 15:27,,,,,,,,,,80,EUR,,,,,---,---,,
Market buy,06/04/2023 15:28,---,VUAA,Vanguard S&P 500 (Acc),0.51672,69.67,EUR,1,,EUR,36,EUR,,,,,,---,,
Market buy,06/04/2023 15:28,---,VWCE,Vanguard FTSE All-World (Acc),0.269927,94.84,EUR,1,,EUR,25.6,EUR,,,,,,---,,
Market buy,06/04/2023 15:28,---,SGLN,iShares Physical Gold,0.1782489,3149,GBX,87.84128,,EUR,6.4,EUR,,,,,,---,0.01,EUR
Market buy,06/04/2023 15:28,---,LYP6,Amundi STOXX Europe 600 DR (Acc),0.0587654,204.2,EUR,1,,EUR,12,EUR,,,,,,---,,
Market sell,03/05/2023 14:01,---,VWCE,Vanguard FTSE All-World (Acc),3.860575,94.7,EUR,1,-0.2,EUR,365.6,EUR,,,,,,---,,
Deposit,03/05/2023 14:02,,,,,,,,,,40,EUR,,,,,---,---,,
Market buy,03/05/2023 14:02,---,MDT,Medtronic,0.098361,90.89,USD,1.1037,,EUR,8.11,EUR,,,,,,---,0.01,EUR
Market buy,03/05/2023 14:02,---,O,Realty Income,0.145746,61.34,USD,1.10371,,EUR,8.11,EUR,,,,,,---,0.01,EUR
Market buy,03/05/2023 14:02,---,T,AT&T,0.519471,17.21,USD,1.10371,,EUR,8.11,EUR,,,,,,---,0.01,EUR
Market buy,03/05/2023 14:02,---,JPM,JPMorgan Chase & Co,0.0646381,138.31,USD,1.10371,,EUR,8.11,EUR,,,,,,---,0.01,EUR
Market buy,03/05/2023 14:02,---,LTC,LTC Properties,0.270912,33,USD,1.10371,,EUR,8.11,EUR,,,,,,---,0.01,EUR
Market buy,03/05/2023 14:02,---,JNJ,Johnson & Johnson,0.0541299,165.16,USD,1.10371,,EUR,8.11,EUR,,,,,,---,0.01,EUR
Market buy,03/05/2023 14:02,---,CNQ,Canadian Natural Resources,0.157396,56.8,USD,1.10371,,EUR,8.11,EUR,,,,,,---,0.01,EUR
Market buy,03/05/2023 14:02,---,AFL,Aflac,0.129698,68.93,USD,1.10371,,EUR,8.11,EUR,,,,,,---,0.01,EUR
Market buy,03/05/2023 14:02,---,PEP,PepsiCo,0.0463577,192.85,USD,1.10371,,EUR,8.11,EUR,,,,,,---,0.01,EUR
Market buy,03/05/2023 14:02,---,EMR,Emerson Electric,0.103665,86.24,USD,1.10371,,EUR,8.11,EUR,,,,,,---,0.01,EUR
Market buy,03/05/2023 14:02,---,NUE,Nucor,0.0597201,149.7,USD,1.10371,,EUR,8.11,EUR,,,,,,---,0.01,EUR
Market buy,03/05/2023 14:02,---,LOW,Lowe's,0.0426409,209.66,USD,1.10371,,EUR,8.11,EUR,,,,,,---,0.01,EUR
Market buy,03/05/2023 14:02,---,BATS,British American Tobacco,0.02513225,2900,GBX,87.81147,,EUR,0.83,EUR,,,,,,---,,
Market buy,03/05/2023 14:02,---,AAPL,Apple,0.052367,170.72,USD,1.10371,,EUR,8.11,EUR,,,,,,---,0.01,EUR
Market buy,03/05/2023 14:02,---,CVX,Chevron,0.0561564,159.2,USD,1.10371,,EUR,8.11,EUR,,,,,,---,0.01,EUR
Market buy,03/05/2023 14:02,---,AGNC,AGNC Investment,0.93711,9.54,USD,1.1037,,EUR,8.11,EUR,,,,,,---,0.01,EUR
Market buy,03/05/2023 14:02,---,BMO,Bank of Montreal,0.102866,86.91,USD,1.10371,,EUR,8.11,EUR,,,,,,---,0.01,EUR
Market buy,03/05/2023 14:02,---,RY,Royal Bank of Canada,0.09208,97.09,USD,1.1037,,EUR,8.11,EUR,,,,,,---,0.01,EUR
Market buy,03/05/2023 14:02,---,BEN,Franklin Resources,0.350592,25.5,USD,1.10371,,EUR,8.11,EUR,,,,,,---,0.01,EUR
Market buy,03/05/2023 14:02,---,BNS,Bank of Nova Scotia,0.183688,48.67,USD,1.10371,,EUR,8.11,EUR,,,,,,---,0.01,EUR
Market buy,03/05/2023 14:02,---,SBUX,Starbucks,0.084468,105.84,USD,1.10371,,EUR,8.11,EUR,,,,,,---,0.01,EUR
Market buy,03/05/2023 14:02,---,CB,Chubb,0.0445534,200.66,USD,1.10371,,EUR,8.11,EUR,,,,,,---,0.01,EUR
Market buy,03/05/2023 14:02,---,SHW,Sherwin-Williams,0.0381322,234.45,USD,1.10371,,EUR,8.11,EUR,,,,,,---,0.01,EUR
Market buy,03/05/2023 14:02,---,ROP,Roper Technologies,0.0193232,462.66,USD,1.10371,,EUR,8.11,EUR,,,,,,---,0.01,EUR
Market buy,03/05/2023 14:02,---,SYY,Sysco,0.118757,75.28,USD,1.1037,,EUR,8.11,EUR,,,,,,---,0.01,EUR
Market buy,03/05/2023 14:02,---,MCD,McDonald's,0.0301744,296.28,USD,1.10371,,EUR,8.11,EUR,,,,,,---,0.01,EUR
Market buy,03/05/2023 14:02,---,PPG,PPG Industries,0.0633017,141.23,USD,1.10371,,EUR,8.11,EUR,,,,,,---,0.01,EUR
Market buy,03/05/2023 14:02,---,ADC,Agree Realty,0.133934,66.75,USD,1.10371,,EUR,8.11,EUR,,,,,,---,0.01,EUR
Market buy,03/05/2023 14:02,---,PG,Procter & Gamble,0.0573671,155.84,USD,1.10371,,EUR,8.11,EUR,,,,,,---,0.01,EUR
Market buy,03/05/2023 14:02,---,PSEC,Prospect Capital,1.42131,6.29,USD,1.1037,,EUR,8.11,EUR,,,,,,---,0.01,EUR
Market buy,03/05/2023 14:02,---,GWW,WW Grainger,0.0128195,697.38,USD,1.10371,,EUR,8.11,EUR,,,,,,---,0.01,EUR
Market buy,03/05/2023 14:02,---,VGOV,Vanguard U.K. Gilt (Dist),0.410403,17.41,GBP,0.88198,,EUR,8.11,EUR,,,,,,---,0.01,EUR
Market buy,03/05/2023 14:02,---,IBM,IBM,0.071578,124.9,USD,1.10371,,EUR,8.11,EUR,,,,,,---,0.01,EUR
Market buy,03/05/2023 14:02,---,ITW,Illinois Tool Works,0.0379589,235.52,USD,1.10371,,EUR,8.11,EUR,,,,,,---,0.01,EUR
Market buy,03/05/2023 14:02,---,ADM,Archer-Daniels-Midland,0.11754,76.06,USD,1.10371,,EUR,8.11,EUR,,,,,,---,0.01,EUR
Market buy,03/05/2023 14:02,---,RKT,Reckitt Benckiser,0.10980081,6474,GBX,88.19484,,EUR,8.11,EUR,,,0.04,EUR,,---,0.01,EUR
Market buy,03/05/2023 14:02,---,BATS,British American Tobacco,0.21998861,2900,GBX,88.23886,,EUR,7.28,EUR,,,0.04,EUR,,---,0.01,EUR
Market buy,03/05/2023 14:02,---,ECL,Ecolab,0.0499726,178.9,USD,1.10371,,EUR,8.11,EUR,,,,,,---,0.01,EUR
Market buy,03/05/2023 14:02,---,GD,General Dynamics,0.0419979,212.87,USD,1.10371,,EUR,8.11,EUR,,,,,,---,0.01,EUR
Market buy,03/05/2023 14:02,---,TROW,T Rowe Price,0.0838186,106.66,USD,1.10371,,EUR,8.11,EUR,,,,,,---,0.01,EUR
Market buy,03/05/2023 14:02,---,CAT,Caterpillar,0.0409964,218.07,USD,1.10371,,EUR,8.11,EUR,,,,,,---,0.01,EUR
Market buy,03/05/2023 14:02,---,STAG,STAG Industrial,0.257937,34.66,USD,1.10371,,EUR,8.11,EUR,,,,,,---,0.01,EUR
Market buy,03/05/2023 14:02,---,STHS,PIMCO US Short-Term High Yield Corporate Bond Index (Dist),0.82059,8.71,GBP,0.88198,,EUR,8.11,EUR,,,,,,---,0.01,EUR
Market buy,03/05/2023 14:03,---,WMT,Walmart,0.0589327,151.7,USD,1.10371,,EUR,8.11,EUR,,,,,,---,0.01,EUR
Market buy,03/05/2023 14:03,---,CAH,Cardinal Health,0.10843,82.45,USD,1.10371,,EUR,8.11,EUR,,,,,,---,0.01,EUR
Market buy,03/05/2023 14:03,---,MAIN,Main Street Capital,0.21982,40.67,USD,1.10371,,EUR,8.11,EUR,,,,,,---,0.01,EUR
Market buy,03/05/2023 14:03,---,VUSC,Vanguard USD Corporate 1-3 Year Bond (Dist),0.182811,44.36,EUR,1,,EUR,8.11,EUR,,,,,,---,,
Market buy,03/05/2023 14:03,---,SEMB,iShares J.P. Morgan USD EM Bond (Dist),0.10541608,6777,GBX,88.19812,,EUR,8.11,EUR,,,,,,---,0.01,EUR
Market buy,03/05/2023 14:03,---,SSHY,PIMCO US Short-Term High Yield Corporate Bond Index (Dist),0.097931,72.95,GBP,0.88198,,EUR,8.11,EUR,,,,,,---,0.01,EUR
Market buy,03/05/2023 14:03,---,KMB,Kimberly-Clark,0.0613428,145.74,USD,1.10371,,EUR,8.11,EUR,,,,,,---,0.01,EUR
Market buy,03/05/2023 14:03,---,ADP,Automatic Data Processing,0.0407758,219.25,USD,1.10371,,EUR,8.11,EUR,,,,,,---,0.01,EUR
Market sell,03/05/2023 14:21,---,VUAA,Vanguard S&P 500 (Acc),0.581944,69.68,EUR,1,0.29,EUR,40.55,EUR,,,,,,---,,
Market sell,03/05/2023 14:21,---,SGLN,iShares Physical Gold,0.0862146,3130,GBX,88.18682,0.1,EUR,3.06,EUR,,,,,,---,,
Market buy,03/05/2023 14:21,---,LYP6,Amundi STOXX Europe 600 DR (Acc),0.2106275,207,EUR,1,,EUR,43.6,EUR,,,,,,---,,
Limit sell,10/05/2023 19:08,---,AMZN,Amazon,1.046111,110,USD,1.09791,4.96,EUR,104.65,EUR,,,,,,---,0.16,EUR
Market buy,11/05/2023 07:00,---,SGLN,iShares Physical Gold,0.23219464,3137,GBX,86.81699,,EUR,8.4,EUR,,,,,,---,0.01,EUR
Market buy,11/05/2023 07:04,---,LYP6,Amundi STOXX Europe 600 DR (Acc),0.0938917,208.75,EUR,1,,EUR,19.6,EUR,,,,,,---,,
Market buy,11/05/2023 07:04,---,VUAA,Vanguard S&P 500 (Acc),0.593192,70.82,EUR,1,,EUR,42.01,EUR,,,,,,---,,
Deposit,11/05/2023 19:52,,,,,,,,,,80,EUR,,,,,---,---,,
Market buy,11/05/2023 19:53,---,IBM,IBM,0.0090267,120.94,USD,1.09168,,EUR,1,EUR,,,,,,---,,
Market buy,11/05/2023 19:53,---,RY,Royal Bank of Canada,0.011351,96.17,USD,1.09162,,EUR,1,EUR,,,,,,---,,
Market buy,11/05/2023 19:53,---,AGNC,AGNC Investment,0.11688,9.34,USD,1.09165,,EUR,1,EUR,,,,,,---,,
Market buy,11/05/2023 19:53,---,AAPL,Apple,0.0062871,173.64,USD,1.09169,,EUR,1,EUR,,,,,,---,,
Market buy,11/05/2023 19:53,---,O,Realty Income,0.017676,61.76,USD,1.09166,,EUR,1,EUR,,,,,,---,,
Market buy,11/05/2023 19:53,---,PG,Procter & Gamble,0.0070793,154.21,USD,1.09169,,EUR,1,EUR,,,,,,---,,
Market buy,11/05/2023 19:53,---,WMT,Walmart,0.007138,152.94,USD,1.09168,,EUR,1,EUR,,,,,,---,,
Market buy,11/05/2023 19:53,---,AFL,Aflac,0.016401,66.56,USD,1.09165,,EUR,1,EUR,,,,,,---,,
Market buy,11/05/2023 19:53,---,ROP,Roper Technologies,0.0023826,458.18,USD,1.09165,,EUR,1,EUR,,,,,,---,,
Market buy,11/05/2023 19:53,---,SBUX,Starbucks,0.0103439,105.54,USD,1.09169,,EUR,1,EUR,,,,,,---,,
Market buy,11/05/2023 19:53,---,KMB,Kimberly-Clark,0.0076018,143.61,USD,1.09169,,EUR,1,EUR,,,,,,---,,
Market buy,11/05/2023 19:53,---,ADP,Automatic Data Processing,0.005206,209.7,USD,1.09169,,EUR,1,EUR,,,,,,---,,
Market buy,11/05/2023 19:53,---,GWW,WW Grainger,0.0015992,682.63,USD,1.09166,,EUR,1,EUR,,,,,,---,,
Market buy,11/05/2023 19:53,---,CNQ,Canadian Natural Resources,0.019617,55.65,USD,1.09168,,EUR,1,EUR,,,,,,---,,
Market buy,11/05/2023 19:53,---,ITW,Illinois Tool Works,0.0047948,227.68,USD,1.09168,,EUR,1,EUR,,,,,,---,,
Market buy,11/05/2023 19:53,---,LOW,Lowe's,0.0053871,202.65,USD,1.09169,,EUR,1,EUR,,,,,,---,,
Market buy,11/05/2023 19:53,---,PSEC,Prospect Capital,0.17551,6.22,USD,1.09167,,EUR,1,EUR,,,,,,---,,
Market buy,11/05/2023 19:53,---,MCD,McDonald's,0.0037098,294.27,USD,1.09168,,EUR,1,EUR,,,,,,---,,
Market buy,11/05/2023 19:53,---,NUE,Nucor,0.0079396,137.5,USD,1.09169,,EUR,1,EUR,,,,,,---,,
Market buy,11/05/2023 19:53,---,BEN,Franklin Resources,0.044541,24.51,USD,1.09169,,EUR,1,EUR,,,,,,---,,
Market buy,11/05/2023 19:53,---,SHW,Sherwin-Williams,0.004743,230.17,USD,1.09169,,EUR,1,EUR,,,,,,---,,
Market buy,11/05/2023 19:53,---,EMR,Emerson Electric,0.013315,81.99,USD,1.09169,,EUR,1,EUR,,,,,,---,,
Market buy,11/05/2023 19:53,---,JPM,JPMorgan Chase & Co,0.0080325,135.91,USD,1.09169,,EUR,1,EUR,,,,,,---,,
Market buy,11/05/2023 19:53,---,BMO,Bank of Montreal,0.012469,87.55,USD,1.09166,,EUR,1,EUR,,,,,,---,,
Market buy,11/05/2023 19:53,---,MDT,Medtronic,0.012275,88.93,USD,1.09161,,EUR,1,EUR,,,,,,---,,
Market buy,11/05/2023 19:53,---,BNS,Bank of Nova Scotia,0.022121,49.35,USD,1.09167,,EUR,1,EUR,,,,,,---,,
Market buy,11/05/2023 19:53,---,PEP,PepsiCo,0.0055881,195.36,USD,1.09169,,EUR,1,EUR,,,,,,---,,
Market buy,11/05/2023 19:53,---,T,AT&T,0.064331,16.97,USD,1.09169,,EUR,1,EUR,,,,,,---,,
Market buy,11/05/2023 19:53,---,STAG,STAG Industrial,0.031552,34.6,USD,1.09169,,EUR,1,EUR,,,,,,---,,
Market buy,11/05/2023 19:53,---,TROW,T Rowe Price,0.0102922,106.07,USD,1.09169,,EUR,1,EUR,,,,,,---,,
Market buy,11/05/2023 19:53,---,PPG,PPG Industries,0.0079645,137.07,USD,1.09169,,EUR,1,EUR,,,,,,---,,
Market buy,11/05/2023 19:53,---,CAT,Caterpillar,0.0052032,209.81,USD,1.09168,,EUR,1,EUR,,,,,,---,,
Market buy,11/05/2023 19:53,---,JNJ,Johnson & Johnson,0.0067934,160.7,USD,1.09169,,EUR,1,EUR,,,,,,---,,
Market buy,11/05/2023 19:53,---,ECL,Ecolab,0.0062773,173.91,USD,1.09168,,EUR,1,EUR,,,,,,---,,
Market buy,11/05/2023 19:53,---,GD,General Dynamics,0.0052377,208.43,USD,1.09169,,EUR,1,EUR,,,,,,---,,
Market buy,11/05/2023 19:53,---,CVX,Chevron,0.007003,155.89,USD,1.09169,,EUR,1,EUR,,,,,,---,,
Market buy,11/05/2023 19:53,---,CB,Chubb,0.0054291,201.08,USD,1.09168,,EUR,1,EUR,,,,,,---,,
Market buy,11/05/2023 19:53,---,CAH,Cardinal Health,0.012878,84.77,USD,1.09166,,EUR,1,EUR,,,,,,---,,
Market buy,11/05/2023 19:53,---,MAIN,Main Street Capital,0.027354,39.91,USD,1.09169,,EUR,1,EUR,,,,,,---,,
Market buy,11/05/2023 19:53,---,SYY,Sysco,0.014804,73.74,USD,1.09164,,EUR,1,EUR,,,,,,---,,
Market buy,11/05/2023 19:53,---,ADM,Archer-Daniels-Midland,0.014528,75.14,USD,1.09163,,EUR,1,EUR,,,,,,---,,
Market buy,11/05/2023 19:53,---,ADC,Agree Realty,0.016426,66.46,USD,1.09167,,EUR,1,EUR,,,,,,---,,
Market buy,11/05/2023 19:53,---,LTC,LTC Properties,0.03227,33.83,USD,1.09169,,EUR,1,EUR,,,,,,---,,
Market buy,12/05/2023 07:00,---,VUSC,Vanguard USD Corporate 1-3 Year Bond (Dist),0.022306,44.83,EUR,1,,EUR,1,EUR,,,,,,---,,
Market buy,12/05/2023 07:00,---,SGLN,iShares Physical Gold,0.21609584,3125,GBX,87.24799,,EUR,7.75,EUR,,,,,,---,0.01,EUR
Market buy,12/05/2023 07:00,---,RKT,Reckitt Benckiser,0.0133972,6480,GBX,86.81385,,EUR,1,EUR,,,,,,---,,
Market buy,12/05/2023 07:00,---,STHS,PIMCO US Short-Term High Yield Corporate Bond Index (Dist),0.10043,8.69,GBP,0.87243,,EUR,1,EUR,,,,,,---,,
Market buy,12/05/2023 07:00,---,SSHY,PIMCO US Short-Term High Yield Corporate Bond Index (Dist),0.011993,72.74,GBP,0.87237,,EUR,1,EUR,,,,,,---,,
Market buy,12/05/2023 07:00,---,BATS,British American Tobacco,0.03182327,2728,GBX,86.81388,,EUR,1,EUR,,,,,,---,,
Market buy,12/05/2023 07:00,---,VGOV,Vanguard U.K. Gilt (Dist),0.050333,17.33,GBP,0.87239,,EUR,1,EUR,,,,,,---,,
Market buy,12/05/2023 07:00,---,SEMB,iShares J.P. Morgan USD EM Bond (Dist),0.0128693,6780,GBX,87.25385,,EUR,1,EUR,,,,,,---,,
Market buy,12/05/2023 07:04,---,VUAA,Vanguard S&P 500 (Acc),0.549043,70.65,EUR,1,,EUR,38.79,EUR,,,,,,---,,
Market buy,12/05/2023 07:04,---,LYP6,Amundi STOXX Europe 600 DR (Acc),0.0866231,208.95,EUR,1,,EUR,18.1,EUR,,,,,,---,,
Dividend (Ordinary),16/05/2023 09:40,---,MAIN,Main Street Capital,0.21982,0.19,USD,Not available,,,0.04,EUR,0.01,USD,,,,,,
Dividend (Ordinary),19/05/2023 11:04,---,AAPL,Apple,0.0586541,0.2,USD,Not available,,,0.01,EUR,0,USD,,,,,,
Deposit,25/05/2023 12:24,,,,,,,,,,40,EUR,,,,,---,---,,
Market buy,25/05/2023 12:24,---,SGLN,iShares Physical Gold,0.13465081,3086,GBX,86.74997,,EUR,4.8,EUR,,,,,,---,0.01,EUR
Market buy,25/05/2023 12:24,---,LYP6,Amundi STOXX Europe 600 DR (Acc),0.0543157,206.2,EUR,1,,EUR,11.2,EUR,,,,,,---,,
Market buy,25/05/2023 12:24,---,VUAA,Vanguard S&P 500 (Acc),0.332823,72.14,EUR,1,,EUR,24.01,EUR,,,,,,---,,
Dividend (Ordinary),29/05/2023 12:31,---,SBUX,Starbucks,0.084468,0.45,USD,Not available,,,0.04,EUR,0.01,USD,,,,,,
Dividend (Ordinary),31/05/2023 09:16,---,WMT,Walmart,0.0589327,0.48,USD,Not available,,,0.03,EUR,0.01,USD,,,,,,
Dividend (Ordinary),01/06/2023 10:08,---,LTC,LTC Properties,0.303182,0.16,USD,Not available,,,0.05,EUR,0.01,USD,,,,,,
Dividend (Ordinary),01/06/2023 10:10,---,STHS,PIMCO US Short-Term High Yield Corporate Bond Index (Dist),0.92102,0.04,GBP,Not available,,,0.04,EUR,0,GBP,,,,,,
Dividend (Ordinary),01/06/2023 10:13,---,SEMB,iShares J.P. Morgan USD EM Bond (Dist),0.11828538,33.07,GBX,Not available,,,0.05,EUR,0,GBX,,,,,,
Dividend (Ordinary),02/06/2023 10:30,---,SSHY,PIMCO US Short-Term High Yield Corporate Bond Index (Dist),0.109924,0.34,GBP,Not available,,,0.04,EUR,0,GBP,,,,,,
Dividend (Ordinary),02/06/2023 10:32,---,VUSC,Vanguard USD Corporate 1-3 Year Bond (Dist),0.205117,0.17,EUR,Not available,,,0.04,EUR,0,EUR,,,,,,
Dividend (Ordinary),02/06/2023 10:33,---,AFL,Aflac,0.146099,0.36,USD,Not available,,,0.05,EUR,0.01,USD,,,,,,
Dividend (Ordinary),02/06/2023 10:34,---,VGOV,Vanguard U.K. Gilt (Dist),0.460736,0.05,GBP,Not available,,,0.03,EUR,0,GBP,,,,,,
Dividend (Ordinary),02/06/2023 10:37,---,GWW,WW Grainger,0.0128195,1.58,USD,Not available,,,0.02,EUR,0,USD,,,,,,
Dividend (Ordinary),05/06/2023 09:19,---,SHW,Sherwin-Williams,0.0428752,0.51,USD,Not available,,,0.02,EUR,0,USD,,,,,,
Deposit,05/06/2023 12:28,,,,,,,,,,150,EUR,,,,,---,---,,
Market buy,05/06/2023 12:28,---,VUAA,Vanguard S&P 500 (Acc),1.202564,74.84,EUR,1,,EUR,90,EUR,,,,,,---,,
Market buy,05/06/2023 12:28,---,SGLN,iShares Physical Gold,0.50807051,3052,GBX,86.28999,,EUR,18,EUR,,,,,,---,0.03,EUR
Market buy,05/06/2023 12:28,---,LYP6,Amundi STOXX Europe 600 DR (Acc),0.2014383,208.5,EUR,1,,EUR,42,EUR,,,,,,---,,
Dividend (Dividends paid by us corporations),07/06/2023 13:49,---,JNJ,Johnson & Johnson,0.0609233,1.01,USD,Not available,,,0.06,EUR,0.01,USD,,,,,,
Dividend (Dividends paid by us corporations),08/06/2023 12:07,---,ADM,Archer-Daniels-Midland,0.132068,0.38,USD,Not available,,,0.05,EUR,0.01,USD,,,,,,
Dividend (Dividends paid by us corporations),12/06/2023 12:23,---,AGNC,AGNC Investment,1.05399,0.1,USD,Not available,,,0.1,EUR,0.02,USD,,,,,,
Dividend (Dividends paid by us corporations),12/06/2023 12:26,---,EMR,Emerson Electric,0.103665,0.44,USD,Not available,,,0.04,EUR,0.01,USD,,,,,,
Dividend (Dividends paid by us corporations),13/06/2023 12:15,---,CVX,Chevron,0.0631594,1.28,USD,Not available,,,0.08,EUR,0.01,USD,,,,,,
Dividend (Dividends paid by us corporations),13/06/2023 12:17,---,IBM,IBM,0.071578,1.41,USD,Not available,,,0.09,EUR,0.02,USD,,,,,,
Dividend (Dividends paid by us corporations),13/06/2023 12:20,---,PPG,PPG Industries,0.0633017,0.53,USD,Not available,,,0.03,EUR,0.01,USD,,,,,,
Dividend (Dividends paid by us corporations),15/06/2023 12:15,---,ADC,Agree Realty,0.15036,0.21,USD,Not available,,,0.03,EUR,0.01,USD,,,,,,
Market sell,16/06/2023 10:32,---,VUAA,Vanguard S&P 500 (Acc),0.24066,75.5,EUR,1,1.28,EUR,18.17,EUR,,,,,,---,,
Market buy,16/06/2023 10:32,---,LYP6,Amundi STOXX Europe 600 DR (Acc),0.0467979,210.05,EUR,1,,EUR,9.83,EUR,,,,,,---,,
Market buy,16/06/2023 10:32,---,SGLN,iShares Physical Gold,0.23807163,2990,GBX,85.55699,,EUR,8.33,EUR,,,,,,---,0.01,EUR
Dividend (Dividends paid by us corporations),16/06/2023 14:12,---,MAIN,Main Street Capital,0.247174,0.19,USD,Not available,,,0.04,EUR,0.01,USD,,,,,,
Dividend (Dividends paid by us corporations),16/06/2023 14:15,---,O,Realty Income,0.163422,0.22,USD,Not available,,,0.03,EUR,0.01,USD,,,,,,
Dividend (Dividends paid by us corporations),16/06/2023 14:20,---,STAG,STAG Industrial,0.289489,0.1,USD,Not available,,,0.03,EUR,0.01,USD,,,,,,
Dividend (Dividends paid by us corporations),21/06/2023 10:52,---,MCD,McDonald's,0.0338842,1.29,USD,Not available,,,0.04,EUR,0.01,USD,,,,,,
Dividend (Dividends paid by us corporations),22/06/2023 09:21,---,PSEC,Prospect Capital,1.59682,0.05,USD,Not available,,,0.07,EUR,0.01,USD,,,,,,
Dividend (Dividends paid by us corporations),29/06/2023 12:21,---,MAIN,Main Street Capital,0.247174,0.19,USD,Not available,,,0.04,EUR,0.01,USD,,,,,,
Dividend (Ordinary),30/06/2023 15:15,---,VGOV,Vanguard U.K. Gilt (Dist),0.460736,0.04,GBP,Not available,,,0.02,EUR,0,GBP,,,,,,
Dividend (Ordinary),30/06/2023 15:20,---,SEMB,iShares J.P. Morgan USD EM Bond (Dist),0.11828538,23.64,GBX,Not available,,,0.03,EUR,0,GBX,,,,,,
Dividend (Dividends paid by us corporations),30/06/2023 15:42,---,TROW,T Rowe Price,0.0941108,1.04,USD,Not available,,,0.09,EUR,0.02,USD,,,,,,
Dividend (Dividends paid by us corporations),03/07/2023 12:52,---,LTC,LTC Properties,0.303182,0.16,USD,Not available,,,0.04,EUR,0.01,USD,,,,,,
Dividend (Ordinary),03/07/2023 12:58,---,VUSC,Vanguard USD Corporate 1-3 Year Bond (Dist),0.205117,0.14,EUR,Not available,,,0.03,EUR,0,EUR,,,,,,
Dividend (Ordinary),03/07/2023 13:01,---,STHS,PIMCO US Short-Term High Yield Corporate Bond Index (Dist),0.92102,0.04,GBP,Not available,,,0.05,EUR,0,GBP,,,,,,
Dividend (Dividends paid by us corporations),03/07/2023 13:01,---,PEP,PepsiCo,0.0519458,1.08,USD,Not available,,,0.05,EUR,0.01,USD,,,,,,
Dividend (Dividends paid by us corporations),04/07/2023 14:25,---,ADP,Automatic Data Processing,0.0459818,1.06,USD,Not available,,,0.04,EUR,0.01,USD,,,,,,
Dividend (Ordinary),04/07/2023 14:27,---,SSHY,PIMCO US Short-Term High Yield Corporate Bond Index (Dist),0.109924,0.36,GBP,Not available,,,0.05,EUR,0,GBP,,,,,,
Dividend (Dividends paid by us corporations),06/07/2023 09:25,---,KMB,Kimberly-Clark,0.0689446,1,USD,Not available,,,0.06,EUR,0.01,USD,,,,,,
Dividend (Dividends paid by foreign corporations),07/07/2023 13:04,---,CNQ,Canadian Natural Resources,0.177013,0.58,USD,Not available,,,0.09,EUR,0.02,USD,,,,,,
Dividend (Dividends paid by foreign corporations),11/07/2023 10:22,---,CB,Chubb,0.0499825,0.86,USD,Not available,,,0.04,EUR,0,USD,,,,,,
Dividend (Dividends paid by us corporations),13/07/2023 08:01,---,AGNC,AGNC Investment,1.05399,0.1,USD,Not available,,,0.1,EUR,0.02,USD,,,,,,
Dividend (Dividends paid by us corporations),14/07/2023 09:35,---,ITW,Illinois Tool Works,0.0427537,1.11,USD,Not available,,,0.04,EUR,0.01,USD,,,,,,
Dividend (Dividends paid by us corporations),17/07/2023 11:48,---,O,Realty Income,0.163422,0.22,USD,Not available,,,0.03,EUR,0.01,USD,,,,,,
Dividend (Dividends paid by us corporations),17/07/2023 11:55,---,ADC,Agree Realty,0.15036,0.21,USD,Not available,,,0.03,EUR,0.01,USD,,,,,,
Dividend (Dividends paid by us corporations),17/07/2023 11:56,---,BEN,Franklin Resources,0.395133,0.26,USD,Not available,,,0.09,EUR,0.02,USD,,,,,,
Dividend (Dividends paid by us corporations),17/07/2023 11:58,---,MAIN,Main Street Capital,0.247174,0.2,USD,Not available,,,0.04,EUR,0.01,USD,,,,,,
Dividend (Dividends paid by foreign corporations),17/07/2023 12:00,---,MDT,Medtronic,0.110636,0.52,USD,Not available,,,0.05,EUR,0.02,USD,,,,,,
Dividend (Dividends paid by us corporations),18/07/2023 11:10,---,ECL,Ecolab,0.0562499,0.45,USD,Not available,,,0.02,EUR,0,USD,,,,,,
Dividend (Dividends paid by us corporations),18/07/2023 11:12,---,CAH,Cardinal Health,0.121308,0.43,USD,Not available,,,0.05,EUR,0.01,USD,,,,,,
Dividend (Dividends paid by us corporations),18/07/2023 11:15,---,STAG,STAG Industrial,0.289489,0.1,USD,Not available,,,0.03,EUR,0.01,USD,,,,,,
Dividend (Dividends paid by us corporations),21/07/2023 07:31,---,PSEC,Prospect Capital,1.59682,0.05,USD,Not available,,,0.07,EUR,0.01,USD,,,,,,
Dividend (Dividends paid by us corporations),25/07/2023 10:15,---,ROP,Roper Technologies,0.0217058,0.58,USD,Not available,,,0.01,EUR,0,USD,,,,,,
Market buy,25/07/2023 17:36,---,T,AT&T,0.1825,14.76,USD,1.10397,,EUR,2.44,EUR,,,,,,---,,
Dividend (Ordinary),28/07/2023 13:02,---,SEMB,iShares J.P. Morgan USD EM Bond (Dist),0.11828538,35.37,GBX,Not available,,,0.05,EUR,0,GBX,,,,,,
Dividend (Ordinary),28/07/2023 13:05,---,VGOV,Vanguard U.K. Gilt (Dist),0.460736,0.04,GBP,Not available,,,0.02,EUR,0,GBP,,,,,,
Dividend (Ordinary),28/07/2023 13:06,---,VUSC,Vanguard USD Corporate 1-3 Year Bond (Dist),0.205117,0.15,EUR,Not available,,,0.03,EUR,0,EUR,,,,,,
Dividend (Ordinary),31/07/2023 08:35,---,BNS,Bank of Nova Scotia,0.205809,0.68,USD,Not available,,,0.13,EUR,0.02,USD,,,,,,
Dividend (Dividends paid by us corporations),31/07/2023 08:38,---,SYY,Sysco,0.133561,0.43,USD,Not available,,,0.05,EUR,0.01,USD,,,,,,
Dividend (Dividends paid by us corporations),31/07/2023 15:21,---,LTC,LTC Properties,0.303182,0.16,USD,Not available,,,0.04,EUR,0.01,USD,,,,,,
Dividend (Ordinary),01/08/2023 11:42,---,STHS,PIMCO US Short-Term High Yield Corporate Bond Index (Dist),0.92102,0.05,GBP,Not available,,,0.06,EUR,0,GBP,,,,,,
Dividend (Dividends paid by us corporations),01/08/2023 11:46,---,JPM,JPMorgan Chase & Co,0.0726706,0.85,USD,Not available,,,0.06,EUR,0.01,USD,,,,,,
Dividend (Dividends paid by us corporations),01/08/2023 14:55,---,T,AT&T,0.583802,0.24,USD,Not available,,,0.13,EUR,0.02,USD,,,,,,
Dividend (Ordinary),02/08/2023 12:48,---,SSHY,PIMCO US Short-Term High Yield Corporate Bond Index (Dist),0.109924,0.44,GBP,Not available,,,0.06,EUR,0,GBP,,,,,,
Dividend (Dividends paid by us corporations),09/08/2023 13:39,---,LOW,Lowe's,0.048028,0.94,USD,Not available,,,0.04,EUR,0.01,USD,,,,,,
Dividend (Dividends paid by us corporations),09/08/2023 13:41,---,AGNC,AGNC Investment,1.05399,0.1,USD,Not available,,,0.1,EUR,0.02,USD,,,,,,
Dividend (Dividends paid by us corporations),11/08/2023 14:02,---,GD,General Dynamics,0.0472356,1.12,USD,Not available,,,0.05,EUR,0.01,USD,,,,,,
Dividend (Dividends paid by us corporations),11/08/2023 14:03,---,NUE,Nucor,0.0676597,0.43,USD,Not available,,,0.03,EUR,0.01,USD,,,,,,
Dividend (Dividends paid by us corporations),14/08/2023 14:28,---,ADC,Agree Realty,0.15036,0.21,USD,Not available,,,0.03,EUR,0.01,USD,,,,,,
Dividend (Dividends paid by us corporations),15/08/2023 14:04,---,MAIN,Main Street Capital,0.247174,0.2,USD,Not available,,,0.04,EUR,0.01,USD,,,,,,
Dividend (Dividends paid by us corporations),15/08/2023 14:07,---,STAG,STAG Industrial,0.289489,0.1,USD,Not available,,,0.03,EUR,0.01,USD,,,,,,
Dividend (Dividends paid by us corporations),15/08/2023 14:09,---,PG,Procter & Gamble,0.0644464,0.8,USD,Not available,,,0.05,EUR,0.01,USD,,,,,,
Dividend (Dividends paid by us corporations),15/08/2023 14:09,---,O,Realty Income,0.163422,0.22,USD,Not available,,,0.03,EUR,0.01,USD,,,,,,
Dividend (Dividends paid by us corporations),17/08/2023 10:48,---,AAPL,Apple,0.0586541,0.2,USD,Not available,,,0.01,EUR,0,USD,,,,,,
Dividend (Ordinary),18/08/2023 11:38,---,BATS,British American Tobacco,0.27694413,57.72,GBX,Not available,,,0.19,EUR,0,GBX,,,,,,
Dividend (Dividends paid by us corporations),18/08/2023 11:41,---,CAT,Caterpillar,0.0461996,1.11,USD,Not available,,,0.05,EUR,0.01,USD,,,,,,
Dividend (Dividends paid by us corporations),22/08/2023 08:21,---,PSEC,Prospect Capital,1.59682,0.05,USD,Not available,,,0.07,EUR,0.01,USD,,,,,,
Dividend (Dividends paid by foreign corporations),24/08/2023 13:21,---,RY,Royal Bank of Canada,0.103431,0.85,USD,Not available,,,0.08,EUR,0.02,USD,,,,,,
Dividend (Dividends paid by us corporations),25/08/2023 15:04,---,SBUX,Starbucks,0.0948119,0.45,USD,Not available,,,0.04,EUR,0.01,USD,,,,,,
Dividend (Dividends paid by foreign corporations),28/08/2023 10:40,---,BMO,Bank of Montreal,0.115335,0.92,USD,Not available,,,0.1,EUR,0.02,USD,,,,,,
Dividend (Ordinary),30/08/2023 12:45,---,VUSC,Vanguard USD Corporate 1-3 Year Bond (Dist),0.205117,0.18,EUR,Not available,,,0.04,EUR,0,EUR,,,,,,
Dividend (Ordinary),30/08/2023 12:47,---,VGOV,Vanguard U.K. Gilt (Dist),0.460736,0.06,GBP,Not available,,,0.03,EUR,0,GBP,,,,,,
Dividend (Ordinary),31/08/2023 10:02,---,STHS,PIMCO US Short-Term High Yield Corporate Bond Index (Dist),0.92102,0.05,GBP,Not available,,,0.05,EUR,0,GBP,,,,,,
Dividend (Ordinary),31/08/2023 10:03,---,SSHY,PIMCO US Short-Term High Yield Corporate Bond Index (Dist),0.109924,0.38,GBP,Not available,,,0.05,EUR,0,GBP,,,,,,
Dividend (Ordinary),31/08/2023 10:05,---,SEMB,iShares J.P. Morgan USD EM Bond (Dist),0.11828538,31.49,GBX,Not available,,,0.04,EUR,0,GBX,,,,,,
Dividend (Dividends paid by us corporations),31/08/2023 10:07,---,LTC,LTC Properties,0.303182,0.16,USD,Not available,,,0.04,EUR,0.01,USD,,,,,,
Dividend (Dividends paid by us corporations),01/09/2023 12:19,---,GWW,WW Grainger,0.0144187,1.58,USD,Not available,,,0.02,EUR,0,USD,,,,,,
Dividend (Dividends paid by us corporations),01/09/2023 12:23,---,AFL,Aflac,0.146099,0.36,USD,Not available,,,0.05,EUR,0.01,USD,,,,,,
Dividend (Dividends paid by us corporations),05/09/2023 09:02,---,WMT,Walmart,0.0660707,0.48,USD,Not available,,,0.03,EUR,0.01,USD,,,,,,
Dividend (Dividends paid by us corporations),06/09/2023 08:45,---,ADM,Archer-Daniels-Midland,0.132068,0.38,USD,Not available,,,0.05,EUR,0.01,USD,,,,,,
Dividend (Dividends paid by us corporations),07/09/2023 12:54,---,JNJ,Johnson & Johnson,0.0609233,1.01,USD,Not available,,,0.06,EUR,0.01,USD,,,,,,
Dividend (Dividends paid by us corporations),08/09/2023 13:22,---,SHW,Sherwin-Williams,0.0428752,0.51,USD,Not available,,,0.02,EUR,0,USD,,,,,,
Dividend (Dividends paid by us corporations),11/09/2023 13:14,---,CVX,Chevron,0.0631594,1.28,USD,Not available,,,0.08,EUR,0.01,USD,,,,,,
Dividend (Dividends paid by us corporations),11/09/2023 13:17,---,EMR,Emerson Electric,0.11698,0.44,USD,Not available,,,0.05,EUR,0.01,USD,,,,,,
Dividend (Dividends paid by us corporations),12/09/2023 10:26,---,PPG,PPG Industries,0.0712662,0.55,USD,Not available,,,0.04,EUR,0.01,USD,,,,,,
Dividend (Dividends paid by us corporations),12/09/2023 10:28,---,AGNC,AGNC Investment,1.05399,0.1,USD,Not available,,,0.1,EUR,0.02,USD,,,,,,
Dividend (Dividends paid by us corporations),13/09/2023 11:11,---,IBM,IBM,0.0806047,1.41,USD,Not available,,,0.11,EUR,0.02,USD,,,,,,
Dividend (Dividends paid by us corporations),14/09/2023 11:46,---,ADC,Agree Realty,0.15036,0.21,USD,Not available,,,0.03,EUR,0.01,USD,,,,,,
Dividend (Ordinary),15/09/2023 13:01,---,RKT,Reckitt Benckiser,0.12319801,76.6,GBX,Not available,,,0.11,EUR,0,GBX,,,,,,
Dividend (Dividends paid by us corporations),15/09/2023 13:03,---,STAG,STAG Industrial,0.289489,0.1,USD,Not available,,,0.03,EUR,0.01,USD,,,,,,
Dividend (Dividends paid by us corporations),15/09/2023 13:05,---,MAIN,Main Street Capital,0.247174,0.2,USD,Not available,,,0.05,EUR,0.01,USD,,,,,,
Dividend (Dividends paid by us corporations),15/09/2023 13:08,---,O,Realty Income,0.163422,0.22,USD,Not available,,,0.03,EUR,0.01,USD,,,,,,
Dividend (Dividends paid by us corporations),18/09/2023 09:14,---,MCD,McDonald's,0.0338842,1.29,USD,Not available,,,0.04,EUR,0.01,USD,,,,,,
Dividend (Dividends paid by us corporations),20/09/2023 09:13,---,PSEC,Prospect Capital,1.59682,0.05,USD,Not available,,,0.08,EUR,0.01,USD,,,,,,
Dividend (Ordinary),27/09/2023 11:54,---,VUSC,Vanguard USD Corporate 1-3 Year Bond (Dist),0.205117,0.16,EUR,Not available,,,0.03,EUR,0,EUR,,,,,,
Dividend (Ordinary),27/09/2023 11:58,---,VGOV,Vanguard U.K. Gilt (Dist),0.460736,0.05,GBP,Not available,,,0.02,EUR,0,GBP,,,,,,
Dividend (Ordinary),27/09/2023 12:10,---,SEMB,iShares J.P. Morgan USD EM Bond (Dist),0.11828538,40.28,GBX,Not available,,,0.05,EUR,0,GBX,,,,,,
Dividend (Dividends paid by us corporations),27/09/2023 12:13,---,MAIN,Main Street Capital,0.247174,0.23,USD,Not available,,,0.05,EUR,0.01,USD,,,,,,
Dividend (Dividends paid by us corporations),28/09/2023 08:23,---,TROW,T Rowe Price,0.0941108,1.04,USD,Not available,,,0.09,EUR,0.02,USD,,,,,,
Dividend (Dividends paid by us corporations),29/09/2023 14:55,---,PEP,PepsiCo,0.0519458,1.08,USD,Not available,,,0.05,EUR,0.01,USD,,,,,,
Dividend (Dividends paid by us corporations),29/09/2023 14:59,---,LTC,LTC Properties,0.303182,0.16,USD,Not available,,,0.05,EUR,0.01,USD,,,,,,
Dividend (Ordinary),29/09/2023 15:02,---,SSHY,PIMCO US Short-Term High Yield Corporate Bond Index (Dist),0.109924,0.5,GBP,Not available,,,0.06,EUR,0,GBP,,,,,,
Dividend (Ordinary),29/09/2023 15:04,---,STHS,PIMCO US Short-Term High Yield Corporate Bond Index (Dist),0.92102,0.06,GBP,Not available,,,0.06,EUR,0,GBP,,,,,,
Dividend (Dividends paid by us corporations),03/10/2023 09:41,---,KMB,Kimberly-Clark,0.0689446,1,USD,Not available,,,0.07,EUR,0.01,USD,,,,,,
Dividend (Dividends paid by us corporations),04/10/2023 09:30,---,ADP,Automatic Data Processing,0.0459818,1.06,USD,Not available,,,0.05,EUR,0.01,USD,,,,,,
Dividend (Dividends paid by foreign corporations),05/10/2023 12:23,---,CNQ,Canadian Natural Resources,0.177013,0.56,USD,Not available,,,0.09,EUR,0.02,USD,,,,,,
Dividend (Dividends paid by foreign corporations),06/10/2023 13:17,---,CB,Chubb,0.0499825,0.86,USD,Not available,,,0.04,EUR,0,USD,,,,,,
Dividend (Dividends paid by us corporations),11/10/2023 13:52,---,AGNC,AGNC Investment,1.05399,0.1,USD,Not available,,,0.1,EUR,0.02,USD,,,,,,
Dividend (Dividends paid by us corporations),12/10/2023 12:30,---,ITW,Illinois Tool Works,0.0427537,1.19,USD,Not available,,,0.05,EUR,0.01,USD,,,,,,
Dividend (Dividends paid by us corporations),13/10/2023 13:45,---,O,Realty Income,0.163422,0.22,USD,Not available,,,0.03,EUR,0.01,USD,,,,,,
Dividend (Dividends paid by foreign corporations),13/10/2023 13:51,---,MDT,Medtronic,0.110636,0.52,USD,Not available,,,0.05,EUR,0.02,USD,,,,,,
Dividend (Dividends paid by us corporations),13/10/2023 13:58,---,ADC,Agree Realty,0.15036,0.21,USD,Not available,,,0.03,EUR,0.01,USD,,,,,,
Dividend (Dividends paid by us corporations),13/10/2023 14:03,---,MAIN,Main Street Capital,0.247174,0.2,USD,Not available,,,0.05,EUR,0.01,USD,,,,,,
Dividend (Dividends paid by us corporations),13/10/2023 14:11,---,BEN,Franklin Resources,0.395133,0.26,USD,Not available,,,0.1,EUR,0.02,USD,,,,,,
Dividend (Dividends paid by us corporations),16/10/2023 12:19,---,CAH,Cardinal Health,0.121308,0.43,USD,Not available,,,0.05,EUR,0.01,USD,,,,,,
Dividend (Dividends paid by us corporations),16/10/2023 12:27,---,STAG,STAG Industrial,0.289489,0.1,USD,Not available,,,0.03,EUR,0.01,USD,,,,,,
Dividend (Dividends paid by us corporations),16/10/2023 12:37,---,ECL,Ecolab,0.0562499,0.45,USD,Not available,,,0.02,EUR,0,USD,,,,,,
Limit sell,16/10/2023 14:31,---,LYP6,Amundi STOXX Europe 600 DR (Acc),1.5509343,204.3,EUR,1,0.22,EUR,316.86,EUR,,,,,,---,,
Market buy,16/10/2023 14:36,---,SXRV,iShares NASDAQ 100 (Acc),0.1477676,819.8,EUR,1,,EUR,121.14,EUR,,,,,,---,,
Market buy,16/10/2023 14:36,---,VUAA,Vanguard S&P 500 (Acc),2.047526,77.85,EUR,1,,EUR,159.4,EUR,,,,,,---,,
Market buy,16/10/2023 14:36,---,SGLN,iShares Physical Gold,1.07942836,3064,GBX,86.60299,,EUR,38.25,EUR,,,,,,---,0.06,EUR
Market sell,16/10/2023 14:36,---,SGLN,iShares Physical Gold,1.0750583,3063,GBX,86.58699,0.53,EUR,37.97,EUR,,,,,,---,0.06,EUR
Market sell,16/10/2023 14:36,---,VUAA,Vanguard S&P 500 (Acc),3.712283,77.82,EUR,1,23.18,EUR,288.89,EUR,,,,,,---,,
Market sell,16/10/2023 14:37,---,SGLN,iShares Physical Gold,0.02826865,3063,GBX,86.58687,0.01,EUR,1,EUR,,,,,,---,,
Market sell,16/10/2023 14:37,---,VUAA,Vanguard S&P 500 (Acc),0.012848,77.82,EUR,1,0.08,EUR,1,EUR,,,,,,---,,
Market buy,16/10/2023 14:37,---,SXRV,iShares NASDAQ 100 (Acc),0.3988165,819.7,EUR,1,,EUR,326.91,EUR,,,,,,---,,
Dividend (Dividends paid by us corporations),19/10/2023 12:04,---,PSEC,Prospect Capital,1.59682,0.05,USD,Not available,,,0.08,EUR,0.01,USD,,,,,,
Interest on cash,08:12.3,,,,,,,,,,0.01,EUR,,,,,---,---,,
Dividend (Dividends paid by us corporations),23/10/2023 14:30,---,ROP,Roper Technologies,0.0217058,0.58,USD,Not available,,,0.01,EUR,0,USD,,,,,,
Dividend (Ordinary),25/10/2023 12:04,---,VGOV,Vanguard U.K. Gilt (Dist),0.460736,0.05,GBP,Not available,,,0.02,EUR,0,GBP,,,,,,
Dividend (Ordinary),25/10/2023 12:17,---,VUSC,Vanguard USD Corporate 1-3 Year Bond (Dist),0.205117,0.16,EUR,Not available,,,0.03,EUR,0,EUR,,,,,,
Dividend (Ordinary),25/10/2023 12:18,---,SEMB,iShares J.P. Morgan USD EM Bond (Dist),0.11828538,34.47,GBX,Not available,,,0.05,EUR,0,GBX,,,,,,
Dividend (Dividends paid by foreign corporations),27/10/2023 13:01,---,BNS,Bank of Nova Scotia,0.205809,0.65,USD,Not available,,,0.13,EUR,0.02,USD,,,,,,
Dividend (Dividends paid by us corporations),27/10/2023 13:07,---,SYY,Sysco,0.133561,0.43,USD,Not available,,,0.05,EUR,0.01,USD,,,,,,
Dividend (Dividend),31/10/2023 14:10,---,JPM,JPMorgan Chase & Co,0.0726706,0.89,USD,Not available,,,0.06,EUR,0.01,USD,,,,,,
Dividend (Dividend),31/10/2023 14:27,---,LTC,LTC Properties,0.303182,0.16,USD,Not available,,,0.05,EUR,0.01,USD,,,,,,
Dividend (Dividend),31/10/2023 14:36,---,SSHY,PIMCO US Short-Term High Yield Corporate Bond Index (Dist),0.109924,0.41,GBP,Not available,,,0.05,EUR,0,GBP,,,,,,
Dividend (Dividend),31/10/2023 14:40,---,STHS,PIMCO US Short-Term High Yield Corporate Bond Index (Dist),0.92102,0.05,GBP,Not available,,,0.05,EUR,0,GBP,,,,,,
Dividend (Dividend),01/11/2023 10:08,---,T,AT&T,0.766302,0.24,USD,Not available,,,0.17,EUR,0.03,USD,,,,,,
Dividend (Dividend),03/11/2023 11:32,---,BATS,British American Tobacco,0.27694413,57.72,GBX,Not available,,,0.18,EUR,0,GBX,,,,,,
Dividend (Dividend),08/11/2023 11:59,---,LOW,Lowe's,0.048028,0.94,USD,Not available,,,0.04,EUR,0.01,USD,,,,,,
Dividend (Dividend),09/11/2023 13:42,---,AGNC,AGNC Investment,1.05399,0.1,USD,Not available,,,0.1,EUR,0.02,USD,,,,,,
Dividend (Dividend),09/11/2023 13:44,---,NUE,Nucor,0.0676597,0.43,USD,Not available,,,0.03,EUR,0.01,USD,,,,,,
Dividend (Dividend),10/11/2023 14:49,---,GD,General Dynamics,0.0472356,1.12,USD,Not available,,,0.05,EUR,0.01,USD,,,,,,
Dividend (Dividend),14/11/2023 11:59,---,ADC,Agree Realty,0.15036,0.21,USD,Not available,,,0.03,EUR,0.01,USD,,,,,,
Dividend (Dividend),15/11/2023 13:31,---,MAIN,Main Street Capital,0.247174,0.2,USD,Not available,,,0.05,EUR,0.01,USD,,,,,,
Dividend (Dividend),15/11/2023 13:36,---,STAG,STAG Industrial,0.289489,0.1,USD,Not available,,,0.03,EUR,0.01,USD,,,,,,
Dividend (Dividend),15/11/2023 13:45,---,O,Realty Income,0.163422,0.22,USD,Not available,,,0.03,EUR,0.01,USD,,,,,,
Dividend (Dividend),15/11/2023 13:50,---,PG,Procter & Gamble,0.0644464,0.8,USD,Not available,,,0.05,EUR,0.01,USD,,,,,,
Limit sell,16/11/2023 08:00,---,SGLN,iShares Physical Gold,3.96815279,3091,GBX,87.59237,1.62,EUR,139.82,EUR,,,,,,---,0.21,EUR
Dividend (Dividend),16/11/2023 13:27,---,AAPL,Apple,0.0586541,0.2,USD,Not available,,,0.01,EUR,0,USD,,,,,,
Market sell,16/11/2023 13:43,---,SXRV,iShares NASDAQ 100 (Acc),0.5465841,827.7,EUR,1,4.36,EUR,452.41,EUR,,,,,,---,,
Limit sell,16/11/2023 13:45,---,VUAA,Vanguard S&P 500 (Acc),7.562036,77.78,EUR,1,46.91,EUR,588.18,EUR,,,,,,---,,
Deposit,23:39.4,,,,,,,,,,1,EUR,,,,,---,---,,
Interest on cash,09:10.9,,,,,,,,,,0.05,EUR,,,,,---,---,,
Interest on cash,08:45.4,,,,,,,,,,0.05,EUR,,,,,---,---,,
Interest on cash,09:08.6,,,,,,,,,,0.05,EUR,,,,,---,---,,
Interest on cash,08:37.5,,,,,,,,,,0.05,EUR,,,,,---,---,,
Dividend (Dividend),20/11/2023 13:18,---,CAT,Caterpillar,0.0461996,1.11,USD,Not available,,,0.05,EUR,0.01,USD,,,,,,
Dividend (Dividend),20/11/2023 13:22,---,PSEC,Prospect Capital,1.59682,0.05,USD,Not available,,,0.07,EUR,0.01,USD,,,,,,
Interest on cash,08:38.7,,,,,,,,,,0.04,EUR,,,,,---,---,,
Interest on cash,08:47.0,,,,,,,,,,0.05,EUR,,,,,---,---,,
Interest on cash,09:31.1,,,,,,,,,,0.05,EUR,,,,,---,---,,
Withdrawal,02:11.6,,,,,,,,,,-1183.76,EUR,,,,,---,---,,
Interest on cash,09:17.9,,,,,,,,,,0.01,EUR,,,,,---,---,,
Dividend (Dividend),24/11/2023 16:02,---,RY,Royal Bank of Canada,0.103431,0.84,USD,Not available,,,0.08,EUR,0.02,USD,,,,,,
Dividend (Dividend),24/11/2023 16:08,---,SBUX,Starbucks,0.0948119,0.48,USD,Not available,,,0.04,EUR,0.01,USD,,,,,,
Dividend (Dividend),28/11/2023 12:55,---,BMO,Bank of Montreal,0.115335,0.92,USD,Not available,,,0.1,EUR,0.02,USD,,,,,,
Dividend (Dividend),29/11/2023 12:25,---,VGOV,Vanguard U.K. Gilt (Dist),0.460736,0.06,GBP,Not available,,,0.03,EUR,0,GBP,,,,,,
Dividend (Dividend),29/11/2023 12:28,---,VUSC,Vanguard USD Corporate 1-3 Year Bond (Dist),0.205117,0.2,EUR,Not available,,,0.04,EUR,0,EUR,,,,,,
Dividend (Dividend),29/11/2023 12:31,---,SEMB,iShares J.P. Morgan USD EM Bond (Dist),0.11828538,33.16,GBX,Not available,,,0.05,EUR,0,GBX,,,,,,
Dividend (Dividend),30/11/2023 15:47,---,LTC,LTC Properties,0.303182,0.16,USD,Not available,,,0.04,EUR,0.01,USD,,,,,,
Dividend (Dividend),30/11/2023 15:51,---,STHS,PIMCO US Short-Term High Yield Corporate Bond Index (Dist),0.92102,0.05,GBP,Not available,,,0.05,EUR,0,GBP,,,,,,
Dividend (Dividend),30/11/2023 15:55,---,SSHY,PIMCO US Short-Term High Yield Corporate Bond Index (Dist),0.109924,0.4,GBP,Not available,,,0.05,EUR,0,GBP,,,,,,
Dividend (Dividend),01/12/2023 15:05,---,GWW,WW Grainger,0.0144187,1.58,USD,Not available,,,0.02,EUR,0,USD,,,,,,
Dividend (Dividend),01/12/2023 15:23,---,AFL,Aflac,0.146099,0.36,USD,Not available,,,0.05,EUR,0.01,USD,,,,,,
Dividend (Dividend),05/12/2023 12:00,---,JNJ,Johnson & Johnson,0.0609233,1.01,USD,Not available,,,0.06,EUR,0.01,USD,,,,,,
Dividend (Dividend),06/12/2023 10:30,---,ADM,Archer-Daniels-Midland,0.132068,0.38,USD,Not available,,,0.05,EUR,0.01,USD,,,,,,
Dividend (Dividend),08/12/2023 13:22,---,SHW,Sherwin-Williams,0.0428752,0.51,USD,Not available,,,0.02,EUR,0,USD,,,,,,
Dividend (Dividend),11/12/2023 14:33,---,CVX,Chevron,0.0631594,1.28,USD,Not available,,,0.08,EUR,0.01,USD,,,,,,
Dividend (Dividend),11/12/2023 14:39,---,AGNC,AGNC Investment,1.05399,0.1,USD,Not available,,,0.1,EUR,0.02,USD,,,,,,
Dividend (Dividend),11/12/2023 14:45,---,EMR,Emerson Electric,0.11698,0.45,USD,Not available,,,0.05,EUR,0.01,USD,,,,,,
Dividend (Dividend),11/12/2023 14:51,---,IBM,IBM,0.0806047,1.41,USD,Not available,,,0.11,EUR,0.02,USD,,,,,,
Dividend (Dividend),12/12/2023 08:56,---,PPG,PPG Industries,0.0712662,0.55,USD,Not available,,,0.04,EUR,0.01,USD,,,,,,
Dividend (Dividend),14/12/2023 09:40,---,ADC,Agree Realty,0.15036,0.21,USD,Not available,,,0.03,EUR,0.01,USD,,,,,,
Dividend (Dividend),15/12/2023 15:02,---,MAIN,Main Street Capital,0.247174,0.2,USD,Not available,,,0.04,EUR,0.01,USD,,,,,,
Dividend (Dividend),15/12/2023 15:04,---,STAG,STAG Industrial,0.289489,0.1,USD,Not available,,,0.03,EUR,0.01,USD,,,,,,
Dividend (Dividend),15/12/2023 15:12,---,O,Realty Income,0.163422,0.22,USD,Not available,,,0.03,EUR,0.01,USD,,,,,,
Dividend (Dividend),15/12/2023 15:16,---,MCD,McDonald's,0.0338842,1.42,USD,Not available,,,0.04,EUR,0.01,USD,,,,,,
Dividend (Dividend),19/12/2023 10:44,---,PSEC,Prospect Capital,1.59682,0.05,USD,Not available,,,0.07,EUR,0.01,USD,,,,,,
Dividend (Dividend),27/12/2023 12:05,---,MAIN,Main Street Capital,0.247174,0.23,USD,Not available,,,0.05,EUR,0.01,USD,,,,,,
Dividend (Dividend),27/12/2023 12:10,---,VGOV,Vanguard U.K. Gilt (Dist),0.460736,0.05,GBP,Not available,,,0.03,EUR,0,GBP,,,,,,
Dividend (Dividend),27/12/2023 12:12,---,VUSC,Vanguard USD Corporate 1-3 Year Bond (Dist),0.205117,0.17,EUR,Not available,,,0.03,EUR,0,EUR,,,,,,
Dividend (Dividend),29/12/2023 15:28,---,TROW,T Rowe Price,0.0941108,1.04,USD,Not available,,,0.09,EUR,0.02,USD,,,,,,
Dividend (Dividend),29/12/2023 15:36,---,STHS,PIMCO US Short-Term High Yield Corporate Bond Index (Dist),0.92102,0.06,GBP,Not available,,,0.06,EUR,0,GBP,,,,,,
Dividend (Dividend),29/12/2023 15:39,---,SSHY,PIMCO US Short-Term High Yield Corporate Bond Index (Dist),0.109924,0.47,GBP,Not available,,,0.06,EUR,0,GBP,,,,,,
Deposit,50:30.6,,,,,,,,,,125,EUR,,,,,---,---,,
Market buy,51:52.3,---,O,Realty Income,0.049659,57.84,USD,1.10472,,EUR,2.6,EUR,,,,,,---,,
Market buy,51:52.5,---,IBM,IBM,0.0175622,163.55,USD,1.10472,,EUR,2.6,EUR,,,,,,---,,
Market buy,51:52.5,---,MCD,McDonald's,0.0096853,296.56,USD,1.10472,,EUR,2.6,EUR,,,,,,---,,
Market buy,51:52.6,---,CVX,Chevron,0.0192384,149.3,USD,1.10472,,EUR,2.6,EUR,,,,,,---,,
Market buy,51:52.7,---,SBUX,Starbucks,0.029941,95.93,USD,1.1047,,EUR,2.6,EUR,,,,,,---,,
Market buy,51:52.7,---,WMT,Walmart,0.0181802,157.99,USD,1.10472,,EUR,2.6,EUR,,,,,,---,,
Market buy,51:52.7,---,JPM,JPMorgan Chase & Co,0.0168453,170.51,USD,1.10472,,EUR,2.6,EUR,,,,,,---,,
Market buy,51:52.7,---,BNS,Bank of Nova Scotia,0.058822,48.83,USD,1.10472,,EUR,2.6,EUR,,,,,,---,,
Market buy,51:52.8,---,SLB,Schlumberger,0.055109,52.12,USD,1.10472,,EUR,2.6,EUR,,,,,,---,,
Market buy,51:52.9,---,CSCO,Cisco Systems,0.057012,50.38,USD,1.10471,,EUR,2.6,EUR,,,,,,---,,
Market buy,51:52.9,---,LOW,Lowe's,0.0129406,221.96,USD,1.10472,,EUR,2.6,EUR,,,,,,---,,
Market buy,51:53.0,---,BMY,Bristol-Myers Squibb,0.056044,51.25,USD,1.10471,,EUR,2.6,EUR,,,,,,---,,
Market buy,51:53.1,---,TROW,T Rowe Price,0.0265486,108.19,USD,1.10472,,EUR,2.6,EUR,,,,,,---,,
Market buy,51:53.1,---,AAPL,Apple,0.0149016,192.75,USD,1.10472,,EUR,2.6,EUR,,,,,,---,,
Market buy,51:53.1,---,GOOD,Gladstone Commercial,0.215638,13.32,USD,1.10473,,EUR,2.6,EUR,,,,,,---,,
Market buy,51:53.1,---,PG,Procter & Gamble,0.0195727,146.75,USD,1.10472,,EUR,2.6,EUR,,,,,,---,,
Market buy,51:53.1,---,TD,Toronto-Dominion Bank,0.044325,64.8,USD,1.10471,,EUR,2.6,EUR,,,,,,---,,
Market buy,51:53.1,---,AFL,Aflac,0.034807,82.52,USD,1.10472,,EUR,2.6,EUR,,,,,,---,,
Market buy,51:53.2,---,MSFT,Microsoft,0.0076486,375.53,USD,1.10472,,EUR,2.6,EUR,,,,,,---,,
Market buy,51:53.3,---,STAG,STAG Industrial,0.072753,39.48,USD,1.10472,,EUR,2.6,EUR,,,,,,---,,
Market buy,51:53.3,---,CNQ,Canadian Natural Resources,0.043731,65.68,USD,1.10471,,EUR,2.6,EUR,,,,,,---,,
Market buy,51:53.3,---,RY,Royal Bank of Canada,0.0282456,101.69,USD,1.10472,,EUR,2.6,EUR,,,,,,---,,
Market buy,51:53.5,---,ADM,Archer-Daniels-Midland,0.039832,72.11,USD,1.10472,,EUR,2.6,EUR,,,,,,---,,
Market buy,51:53.5,---,LTC,LTC Properties,0.088269,32.54,USD,1.10472,,EUR,2.6,EUR,,,,,,---,,
Market buy,51:53.5,---,GD,General Dynamics,0.0110976,258.82,USD,1.10472,,EUR,2.6,EUR,,,,,,---,,
Market buy,51:53.9,---,ADP,Automatic Data Processing,0.0123422,232.72,USD,1.10472,,EUR,2.6,EUR,,,,,,---,,
Market buy,51:53.9,---,CB,Chubb,0.0126974,226.21,USD,1.10472,,EUR,2.6,EUR,,,,,,---,,
Market buy,51:53.9,---,KO,Coca-Cola,0.048757,58.91,USD,1.10472,,EUR,2.6,EUR,,,,,,---,,
Market buy,51:54.6,---,JNJ,Johnson & Johnson,0.0183416,156.6,USD,1.10472,,EUR,2.6,EUR,,,,,,---,,
Market buy,51:54.7,---,AGNC,AGNC Investment,0.2919,9.84,USD,1.10472,,EUR,2.6,EUR,,,,,,---,,
Market buy,51:55.4,---,PPG,PPG Industries,0.0191117,150.29,USD,1.10472,,EUR,2.6,EUR,,,,,,---,,
Market buy,51:55.5,---,BEN,Franklin Resources,0.096224,29.85,USD,1.10472,,EUR,2.6,EUR,,,,,,---,,
Market buy,51:55.5,---,EMR,Emerson Electric,0.02951,97.33,USD,1.10469,,EUR,2.6,EUR,,,,,,---,,
Market buy,51:55.5,---,SYY,Sysco,0.039212,73.25,USD,1.10472,,EUR,2.6,EUR,,,,,,---,,
Market buy,51:55.5,---,SHW,Sherwin-Williams,0.0091632,313.46,USD,1.10472,,EUR,2.6,EUR,,,,,,---,,
Market buy,51:56.3,---,PEP,PepsiCo,0.0169088,169.87,USD,1.10472,,EUR,2.6,EUR,,,,,,---,,
Market buy,51:56.3,---,KMB,Kimberly-Clark,0.0236656,121.37,USD,1.10472,,EUR,2.6,EUR,,,,,,---,,
Market buy,51:56.5,---,NUE,Nucor,0.0165198,173.87,USD,1.10472,,EUR,2.6,EUR,,,,,,---,,
Market buy,51:56.5,---,ITW,Illinois Tool Works,0.0109425,262.49,USD,1.10472,,EUR,2.6,EUR,,,,,,---,,
Market buy,51:56.9,---,PNR,Pentair,0.039481,72.75,USD,1.1047,,EUR,2.6,EUR,,,,,,---,,
Market buy,51:56.9,---,CAH,Cardinal Health,0.0284245,101.05,USD,1.10472,,EUR,2.6,EUR,,,,,,---,,
Market buy,51:59.9,---,BMO,Bank of Montreal,0.028937,99.26,USD,1.10472,,EUR,2.6,EUR,,,,,,---,,
Market buy,52:00.3,---,ROP,Roper Technologies,0.0052549,546.59,USD,1.10472,,EUR,2.6,EUR,,,,,,---,,
Market buy,52:00.9,---,MA,Mastercard,0.0067314,426.7,USD,1.10472,,EUR,2.6,EUR,,,,,,---,,
Market buy,52:01.0,---,PSEC,Prospect Capital,0.48192,5.96,USD,1.1047,,EUR,2.6,EUR,,,,,,---,,
Market buy,52:01.5,---,MAIN,Main Street Capital,0.06606,43.48,USD,1.10472,,EUR,2.6,EUR,,,,,,---,,
Market buy,52:01.6,---,ECL,Ecolab,0.0144329,199.01,USD,1.10472,,EUR,2.6,EUR,,,,,,---,,
Market buy,52:08.5,---,ADC,Agree Realty,0.045469,63.17,USD,1.10472,,EUR,2.6,EUR,,,,,,---,,
Market buy,52:09.9,---,BLK,BlackRock,0.0035298,813.72,USD,1.10471,,EUR,2.6,EUR,,,,,,---,,
Dividend (Dividend),29/12/2023 15:52,---,LTC,LTC Properties,0.303182,0.16,USD,Not available,,,0.04,EUR,0.01,USD,,,,,,
Market buy,53:52.9,---,GWW,WW Grainger,0.0034585,830.5,USD,1.10472,,EUR,2.6,EUR,,,,,,---,,
Dividend (Dividend),29/12/2023 15:57,---,SEMB,iShares J.P. Morgan USD EM Bond (Dist),0.11828538,37.3,GBX,Not available,,,0.05,EUR,0,GBX,,,,,,
Market sell,00:31.9,---,BATS,British American Tobacco,0.27694413,2301,GBX,86.58266,-1.7,EUR,7.35,EUR,,,,,,---,0.01,EUR
Market sell,00:33.9,---,RKT,Reckitt Benckiser,0.12319801,5418,GBX,86.57416,-1.35,EUR,7.7,EUR,,,,,,---,0.01,EUR
Market sell,00:40.0,---,SEMB,iShares J.P. Morgan USD EM Bond (Dist),0.11828538,6880,GBX,86.57483,0.3,EUR,9.39,EUR,,,,,,---,0.01,EUR
Market sell,03:00.6,---,SSHY,PIMCO US Short-Term High Yield Corporate Bond Index (Dist),0.109924,73.22,GBP,0.86544,0.2,EUR,9.29,EUR,,,,,,---,0.01,EUR
Market sell,04:06.5,---,VUSC,Vanguard USD Corporate 1-3 Year Bond (Dist),0.205117,44.38,EUR,1,-0.01,EUR,9.1,EUR,,,,,,---,,
Market sell,05:32.5,---,VGOV,Vanguard U.K. Gilt (Dist),0.460736,17.29,GBP,0.86494,0.11,EUR,9.2,EUR,,,,,,---,0.01,EUR
Market sell,09:45.4,---,STHS,PIMCO US Short-Term High Yield Corporate Bond Index (Dist),0.92102,8.88,GBP,0.86464,0.36,EUR,9.45,EUR,,,,,,---,0.01,EUR
Dividend (Dividend),02/01/2024 12:56,---,WMT,Walmart,0.0660707,0.48,USD,Not available,,,0.03,EUR,0.01,USD,,,,,,
Dividend (Dividend),02/01/2024 13:02,---,ADP,Automatic Data Processing,0.0459818,1.19,USD,Not available,,,0.05,EUR,0.01,USD,,,,,,
Market sell,30:08.4,---,STAG,STAG Industrial,0.028058,39.09,USD,1.09678,0.09,EUR,1,EUR,,,,,,---,,
Market sell,30:08.9,---,AAPL,Apple,0.0058624,187.09,USD,1.09679,0.07,EUR,1,EUR,,,,,,---,,
Market sell,30:10.6,---,BEN,Franklin Resources,0.045056,29.21,USD,1.09673,0.13,EUR,1.2,EUR,,,,,,---,,
Market sell,30:10.7,---,MAIN,Main Street Capital,0.025359,43.25,USD,1.09677,0.05,EUR,1,EUR,,,,,,---,,
Market sell,30:13.5,---,CNQ,Canadian Natural Resources,0.016774,65.38,USD,1.09668,0.11,EUR,1,EUR,,,,,,---,,
Market sell,30:14.1,---,JPM,JPMorgan Chase & Co,0.0111647,168.96,USD,1.09673,0.26,EUR,1.72,EUR,,,,,,---,,
Market sell,30:15.2,---,EMR,Emerson Electric,0.011364,96.5,USD,1.09662,0.09,EUR,1,EUR,,,,,,---,,
Market sell,30:15.4,---,ADP,Automatic Data Processing,0.0047099,232.87,USD,1.09679,0.06,EUR,1,EUR,,,,,,---,,
Market sell,30:18.3,---,GD,General Dynamics,0.0069727,259.54,USD,1.09678,0.25,EUR,1.65,EUR,,,,,,---,,
Market sell,30:19.5,---,GWW,WW Grainger,0.0018082,818.79,USD,1.09669,0.17,EUR,1.35,EUR,,,,,,---,,
Market sell,30:22.6,---,CAT,Caterpillar,0.0461996,293.8,USD,1.09551,3.29,EUR,12.37,EUR,,,,,,---,0.02,EUR
Market sell,30:22.6,---,BMO,Bank of Montreal,0.011231,97.65,USD,1.0967,0.09,EUR,1,EUR,,,,,,---,,
Market sell,30:24.0,---,CB,Chubb,0.0048537,225.97,USD,1.09679,0.09,EUR,1,EUR,,,,,,---,,
Market sell,30:24.1,---,ITW,Illinois Tool Works,0.0042398,258.69,USD,1.09679,0.08,EUR,1,EUR,,,,,,---,,
Market sell,30:30.8,---,MDT,Medtronic,0.110636,82.11,USD,1.09581,-0.81,EUR,8.28,EUR,,,,,,---,0.01,EUR
Market sell,30:30.8,---,SHW,Sherwin-Williams,0.0094937,303.83,USD,1.09675,0.5,EUR,2.63,EUR,,,,,,---,,
Market sell,30:30.9,---,NUE,Nucor,0.0075873,173.46,USD,1.09674,0.15,EUR,1.2,EUR,,,,,,---,,
Market sell,30:31.0,---,IBM,IBM,0.0165024,162.83,USD,1.09676,0.48,EUR,2.45,EUR,,,,,,---,,
Market sell,30:31.1,---,CAH,Cardinal Health,0.0174982,100.29,USD,1.0968,0.23,EUR,1.6,EUR,,,,,,---,,
Market sell,30:31.2,---,ROP,Roper Technologies,0.0025135,541.06,USD,1.09673,0.15,EUR,1.24,EUR,,,,,,---,,
Market sell,30:32.3,---,AFL,Aflac,0.019141,82.51,USD,1.09675,0.2,EUR,1.44,EUR,,,,,,---,,
Market sell,39:20.0,---,CNQ,Canadian Natural Resources,0.016717,65.65,USD,1.09747,0.11,EUR,1,EUR,,,,,,---,,
Market sell,39:20.1,---,JPM,JPMorgan Chase & Co,0.0064703,169.62,USD,1.09749,0.15,EUR,1,EUR,,,,,,---,,
Market sell,39:20.1,---,GD,General Dynamics,0.0042307,259.41,USD,1.09748,0.15,EUR,1,EUR,,,,,,---,,
Market sell,39:20.1,---,LOW,Lowe's,0.0049647,221.06,USD,1.09749,0.05,EUR,1,EUR,,,,,,---,,
Market sell,39:20.2,---,CAH,Cardinal Health,0.0108641,101.02,USD,1.09749,0.15,EUR,1,EUR,,,,,,---,,
Market sell,39:20.2,---,PPG,PPG Industries,0.0074045,148.22,USD,1.09749,0.04,EUR,1,EUR,,,,,,---,,
Market sell,39:20.2,---,AFL,Aflac,0.013272,82.69,USD,1.09746,0.14,EUR,1,EUR,,,,,,---,,
Market sell,39:20.3,---,IBM,IBM,0.0067409,162.81,USD,1.09748,0.2,EUR,1,EUR,,,,,,---,,
Market sell,39:20.4,---,WMT,Walmart,0.0069238,158.51,USD,1.09749,0.04,EUR,1,EUR,,,,,,---,,
Market sell,39:20.4,---,NUE,Nucor,0.0063143,173.81,USD,1.09748,0.12,EUR,1,EUR,,,,,,---,,
Market sell,39:20.8,---,T,AT&T,0.583802,16.9,USD,1.09625,0.21,EUR,8.99,EUR,,,,,,---,0.01,EUR
Market sell,39:21.0,---,ECL,Ecolab,0.0055713,196.99,USD,1.09749,0.08,EUR,1,EUR,,,,,,---,,
Market buy,44:24.9,---,SLB,Schlumberger,0.197655,52.47,USD,1.09513,,EUR,9.48,EUR,,,,,,---,0.01,EUR
Market buy,44:24.9,---,MSFT,Microsoft,0.0281821,369.94,USD,1.09513,,EUR,9.53,EUR,,,,,,---,0.01,EUR
Market buy,44:25.0,---,KMB,Kimberly-Clark,0.0163036,122.12,USD,1.09395,,EUR,1.82,EUR,,,,,,---,,
Market buy,44:25.1,---,BMY,Bristol-Myers Squibb,0.199614,51.9,USD,1.09513,,EUR,9.47,EUR,,,,,,---,0.01,EUR
Market buy,44:25.2,---,PNR,Pentair,0.145022,71.89,USD,1.09512,,EUR,9.53,EUR,,,,,,---,0.01,EUR
Market buy,44:25.4,---,BLK,BlackRock,0.013003,802.63,USD,1.09513,,EUR,9.54,EUR,,,,,,---,0.01,EUR
Market buy,44:25.4,---,SBUX,Starbucks,0.014656,95.54,USD,1.09393,,EUR,1.28,EUR,,,,,,---,,
Market buy,44:25.5,---,PEP,PepsiCo,0.0092414,170.46,USD,1.09395,,EUR,1.44,EUR,,,,,,---,,
Market buy,44:25.6,---,KO,Coca-Cola,0.17591,59.08,USD,1.09512,,EUR,9.5,EUR,,,,,,---,0.01,EUR
Market buy,44:26.1,---,TD,Toronto-Dominion Bank,0.162596,64.12,USD,1.09513,,EUR,9.53,EUR,,,,,,---,0.01,EUR
Market buy,44:26.4,---,CSCO,Cisco Systems,0.205757,50.51,USD,1.09513,,EUR,9.5,EUR,,,,,,---,0.01,EUR
Market buy,44:27.6,---,GOOD,Gladstone Commercial,0.78224,13.3,USD,1.09513,,EUR,9.51,EUR,,,,,,---,0.01,EUR
Market buy,44:27.7,---,MA,Mastercard,0.0246581,422.81,USD,1.09513,,EUR,9.53,EUR,,,,,,---,0.01,EUR
Deposit,06:21.5,,,,,,,,,,22,EUR,,,,,---,---,,
Dividend (Dividend),03/01/2024 13:46,---,KMB,Kimberly-Clark,0.0689446,1,USD,Not available,,,0.06,EUR,0.01,USD,,,,,,
Market buy,30:01.2,---,MSFT,Microsoft,0.0029534,369.02,USD,1.08986,,EUR,1,EUR,,,,,,---,,
Market buy,30:01.2,---,SBUX,Starbucks,0.011595,94,USD,1.08993,,EUR,1,EUR,,,,,,---,,
Market buy,30:01.4,---,ADP,Automatic Data Processing,0.0046186,235.98,USD,1.08989,,EUR,1,EUR,,,,,,---,,
Market buy,30:02.1,---,AGNC,AGNC Investment,0.11342,9.61,USD,1.08996,,EUR,1,EUR,,,,,,---,,
Market buy,30:02.9,---,TROW,T Rowe Price,0.0100739,108.2,USD,1.08999,,EUR,1,EUR,,,,,,---,,
Market buy,30:03.3,---,ROP,Roper Technologies,0.0020205,539.45,USD,1.08995,,EUR,1,EUR,,,,,,---,,
Market buy,30:03.8,---,MA,Mastercard,0.0025829,422,USD,1.08998,,EUR,1,EUR,,,,,,---,,
Market buy,30:04.3,---,BNS,Bank of Nova Scotia,0.023068,47.25,USD,1.08996,,EUR,1,EUR,,,,,,---,,
Market buy,30:04.4,---,CB,Chubb,0.0047562,229.17,USD,1.08997,,EUR,1,EUR,,,,,,---,,
Market buy,30:04.9,---,BLK,BlackRock,0.0013647,798.71,USD,1.08999,,EUR,1,EUR,,,,,,---,,
Market buy,30:05.1,---,BMO,Bank of Montreal,0.011201,97.31,USD,1.08996,,EUR,1,EUR,,,,,,---,,
Market buy,30:05.4,---,ADC,Agree Realty,0.017151,63.55,USD,1.08994,,EUR,1,EUR,,,,,,---,,
Market buy,30:05.7,---,NUE,Nucor,0.0062568,174.21,USD,1.08999,,EUR,1,EUR,,,,,,---,,
Market buy,30:05.8,---,STAG,STAG Industrial,0.02765,39.42,USD,1.08996,,EUR,1,EUR,,,,,,---,,
Market buy,30:06.1,---,GD,General Dynamics,0.0041995,259.55,USD,1.08998,,EUR,1,EUR,,,,,,---,,
Market buy,30:06.2,---,EMR,Emerson Electric,0.011372,95.84,USD,1.08989,,EUR,1,EUR,,,,,,---,,
Market buy,30:06.3,---,RY,Royal Bank of Canada,0.0108717,100.26,USD,1.08999,,EUR,1,EUR,,,,,,---,,
Market buy,30:06.4,---,WMT,Walmart,0.0068223,159.77,USD,1.08999,,EUR,1,EUR,,,,,,---,,
Market buy,30:06.5,---,SYY,Sysco,0.014535,74.99,USD,1.08997,,EUR,1,EUR,,,,,,---,,
Market buy,30:06.5,---,TD,Toronto-Dominion Bank,0.017056,63.9,USD,1.08987,,EUR,1,EUR,,,,,,---,,
Market buy,30:06.6,---,ITW,Illinois Tool Works,0.0041923,260,USD,1.08999,,EUR,1,EUR,,,,,,---,,
Market buy,30:06.9,---,CAH,Cardinal Health,0.0105172,103.63,USD,1.08989,,EUR,1,EUR,,,,,,---,,
Market buy,30:07.0,---,SHW,Sherwin-Williams,0.0035984,302.91,USD,1.08999,,EUR,1,EUR,,,,,,---,,
Market buy,30:07.4,---,BEN,Franklin Resources,0.037482,29.08,USD,1.08997,,EUR,1,EUR,,,,,,---,,
Market buy,30:07.4,---,AFL,Aflac,0.013052,83.5,USD,1.08984,,EUR,1,EUR,,,,,,---,,
Market buy,30:07.5,---,CNQ,Canadian Natural Resources,0.016651,65.46,USD,1.08997,,EUR,1,EUR,,,,,,---,,
Market buy,30:07.9,---,PNR,Pentair,0.015421,70.68,USD,1.08995,,EUR,1,EUR,,,,,,---,,
Market buy,30:08.0,---,AAPL,Apple,0.0059124,184.34,USD,1.08989,,EUR,1,EUR,,,,,,---,,
Market buy,30:08.0,---,PSEC,Prospect Capital,0.18076,6.03,USD,1.08998,,EUR,1,EUR,,,,,,---,,
Market buy,30:08.7,---,IBM,IBM,0.0067643,161.14,USD,1.08999,,EUR,1,EUR,,,,,,---,,
Market buy,30:08.7,---,LTC,LTC Properties,0.033621,32.42,USD,1.08999,,EUR,1,EUR,,,,,,---,,
Market buy,30:08.9,---,ADM,Archer-Daniels-Midland,0.015007,72.63,USD,1.08995,,EUR,1,EUR,,,,,,---,,
Market buy,30:08.9,---,GWW,WW Grainger,0.0013325,818,USD,1.08998,,EUR,1,EUR,,,,,,---,,
Market buy,30:09.6,---,JPM,JPMorgan Chase & Co,0.006344,171.8,USD,1.08989,,EUR,1,EUR,,,,,,---,,
Market buy,30:10.1,---,BMY,Bristol-Myers Squibb,0.020659,52.76,USD,1.08996,,EUR,1,EUR,,,,,,---,,
Market buy,30:10.2,---,JNJ,Johnson & Johnson,0.0067611,161.2,USD,1.08988,,EUR,1,EUR,,,,,,---,,
Market buy,30:10.2,---,CSCO,Cisco Systems,0.021726,50.17,USD,1.08999,,EUR,1,EUR,,,,,,---,,
Market buy,30:10.3,---,MCD,McDonald's,0.0036699,297.01,USD,1.08999,,EUR,1,EUR,,,,,,---,,
Market buy,30:10.4,---,O,Realty Income,0.018744,58.15,USD,1.08996,,EUR,1,EUR,,,,,,---,,
Market buy,30:10.6,---,PEP,PepsiCo,0.0062444,174.54,USD,1.08989,,EUR,1,EUR,,,,,,---,,
Market buy,30:10.7,---,SLB,Schlumberger,0.021016,51.86,USD,1.08988,,EUR,1,EUR,,,,,,---,,
Market buy,30:11.1,---,KO,Coca-Cola,0.018154,60.04,USD,1.08996,,EUR,1,EUR,,,,,,---,,
Market buy,30:11.2,---,GOOD,Gladstone Commercial,0.082388,13.23,USD,1.08999,,EUR,1,EUR,,,,,,---,,
Market buy,30:15.7,---,MAIN,Main Street Capital,0.025045,43.52,USD,1.08995,,EUR,1,EUR,,,,,,---,,
Market buy,30:43.1,---,PG,Procter & Gamble,0.0073167,148.96,USD,1.08989,,EUR,1,EUR,,,,,,---,,
Market buy,31:01.6,---,KMB,Kimberly-Clark,0.0088593,123,USD,1.08969,,EUR,1,EUR,,,,,,---,,
Market buy,31:41.5,---,PPG,PPG Industries,0.0074181,146.95,USD,1.09008,,EUR,1,EUR,,,,,,---,,
Market buy,32:04.0,---,CVX,Chevron,0.0073051,149.21,USD,1.08999,,EUR,1,EUR,,,,,,---,,
Market buy,32:19.7,---,ECL,Ecolab,0.0054584,199.69,USD,1.08998,,EUR,1,EUR,,,,,,---,,
Market buy,33:08.2,---,LOW,Lowe's,0.0050402,216.26,USD,1.08999,,EUR,1,EUR,,,,,,---,,
Dividend (Dividend),05/01/2024 12:01,---,PEP,PepsiCo,0.0519458,1.08,USD,Not available,,,0.05,EUR,0.01,USD,,,,,,
Dividend (Dividend),05/01/2024 12:07,---,CNQ,Canadian Natural Resources,0.177013,0.64,USD,Not available,,,0.1,EUR,0.02,USD,,,,,,
Dividend (Dividend),10/01/2024 10:55,---,AGNC,AGNC Investment,1.05399,0.1,USD,Not available,,,0.1,EUR,0.02,USD,,,,,,
Dividend (Dividend),10/01/2024 14:40,---,CB,Chubb,0.0499825,0.86,USD,Not available,,,0.04,EUR,0,USD,,,,,,
Dividend (Dividend),11/01/2024 10:10,---,ITW,Illinois Tool Works,0.0427537,1.19,USD,Not available,,,0.05,EUR,0.01,USD,,,,,,
Dividend (Dividend),12/01/2024 13:07,---,BEN,Franklin Resources,0.491357,0.26,USD,Not available,,,0.12,EUR,0.02,USD,,,,,,
Dividend (Dividend),12/01/2024 13:15,---,O,Realty Income,0.163422,0.22,USD,Not available,,,0.03,EUR,0.01,USD,,,,,,
Dividend (Dividend),12/01/2024 13:25,---,MDT,Medtronic,0.110636,0.52,USD,Not available,,,0.05,EUR,0.02,USD,,,,,,
Dividend (Dividend),15/01/2024 12:33,---,CAH,Cardinal Health,0.121308,0.43,USD,Not available,,,0.05,EUR,0.01,USD,,,,,,
